{
  "main": {
    "id": "ff0d59a8d6925f0f",
    "type": "split",
    "children": [
      {
        "id": "2f79482a00433c8c",
        "type": "tabs",
        "children": [
          {
            "id": "421c5166db263613",
            "type": "leaf",
            "state": {
              "type": "markdown",
              "state": {
                "file": "Escola/Geografia/África e suas regionalizações.md",
                "mode": "preview",
                "source": false
              }
            }
          },
          {
            "id": "d49c46b633fd5211",
            "type": "leaf",
            "state": {
              "type": "markdown",
              "state": {
                "file": "Escola/Língua Portuguesa/Conteúdo AP1 - 3° Tri.md",
                "mode": "source",
                "source": false
              }
            }
          }
        ],
        "currentTab": 1
      }
    ],
    "direction": "vertical"
  },
  "left": {
    "id": "5318aa18462f6c1c",
    "type": "split",
    "children": [
      {
        "id": "17cfba8d9d756d3a",
        "type": "tabs",
        "children": [
          {
            "id": "726ada9d49df41cc",
            "type": "leaf",
            "state": {
              "type": "file-explorer",
              "state": {
                "sortOrder": "alphabetical"
              }
            }
          },
          {
            "id": "ef7de57df05e9430",
            "type": "leaf",
            "state": {
              "type": "search",
              "state": {
                "query": "",
                "matchingCase": false,
                "explainSearch": false,
                "collapseAll": false,
                "extraContext": false,
                "sortOrder": "alphabetical"
              }
            }
          },
          {
            "id": "3c3ff70e004c5936",
            "type": "leaf",
            "state": {
              "type": "bookmarks",
              "state": {}
            }
          }
        ]
      }
    ],
    "direction": "horizontal",
    "width": 300
  },
  "right": {
    "id": "9637fd1a37ce185a",
    "type": "split",
    "children": [
      {
        "id": "7a93af34f1ac25d4",
        "type": "tabs",
        "children": [
          {
            "id": "93fa83b6ac27b8e7",
            "type": "leaf",
            "state": {
              "type": "backlink",
              "state": {
                "file": "Escola/Língua Portuguesa/Conteúdo AP1 - 3° Tri.md",
                "collapseAll": false,
                "extraContext": false,
                "sortOrder": "alphabetical",
                "showSearch": false,
                "searchQuery": "",
                "backlinkCollapsed": false,
                "unlinkedCollapsed": true
              }
            }
          },
          {
            "id": "c5076c75cd13359d",
            "type": "leaf",
            "state": {
              "type": "outgoing-link",
              "state": {
                "file": "Escola/Língua Portuguesa/Conteúdo AP1 - 3° Tri.md",
                "linksCollapsed": false,
                "unlinkedCollapsed": true
              }
            }
          },
          {
            "id": "f9b0a901e724e02e",
            "type": "leaf",
            "state": {
              "type": "tag",
              "state": {
                "sortOrder": "frequency",
                "useHierarchy": true
              }
            }
          },
          {
            "id": "befa22894874b96c",
            "type": "leaf",
            "state": {
              "type": "outline",
              "state": {
                "file": "Escola/Língua Portuguesa/Conteúdo AP1 - 3° Tri.md"
              }
            }
          }
        ]
      }
    ],
    "direction": "horizontal",
    "width": 300,
    "collapsed": true
  },
  "left-ribbon": {
    "hiddenItems": {
      "switcher:Abrir a troca rápida": false,
      "graph:Abrir visualização em gráfico": false,
      "canvas:Criar novo canvas": false,
      "daily-notes:Abrir a nota de hoje": false,
      "templates:Inserir modelo": false,
      "command-palette:Abrir paleta de comandos": false
    }
  },
  "active": "d49c46b633fd5211",
  "lastOpenFiles": [
    "Escola/Língua Portuguesa/Narrativa de Ficção Científica.md",
    "Escola/Língua Portuguesa/Livro Eu Robô.md",
    "Escola/Língua Portuguesa/Conteúdo AP1 - 3° Tri.md",
    "Escola/Ciências/Sistema Reprodutor (Sistema Genital).md",
    "Escola/Geografia/Apartheid.md",
    "Escola/Geografia/África e suas regionalizações.md",
    "Escola/Filosofia/Conteúdo AP1 - 3° Tri.md",
    "Escola/Geografia/Conteúdo AP1 - 3° Tri.md",
    "Escola/História/Campanha abolicionista.md",
    "Escola/História/Período Regencial.md",
    "Escola/História/Conteúdo AP1 - 3° Tri.md",
    "Escola/História/Segundo Reinado Brasileiro.md",
    "Escola/Filosofia/Tipos de Ética.md",
    "Escola/Ciências/Desenvolvimento Humano.md",
    "Escola/Geografia/Crescimento vegetativo.md",
    "Escola/Geografia/Teorias demográficas.md",
    "Escola/Língua Portuguesa/Narrativa.md"
  ]
}